mjd,candid,fid,pid,diffmaglim,isdiffpos,nid,distnr,magpsf,magpsf_corr,magpsf_corr_ext,magap,magap_corr,sigmapsf,sigmapsf_corr,sigmapsf_corr_ext,sigmagap,sigmagap_corr,ra,dec,rb,rbversion,drb,magapbig,sigmagapbig,rfid,has_stamp,corrected,dubious,candid_alert,step_id_corr,phase,parent_candid
58277.37027780013,"523370271015010017",1,523370271015,20.960186,-1,523,0.0335677,19.683056,18.267876,"",19.5901,"",0.08037082,0.010614687,0.021828612,0.1122,"",299.1788992,22.4783341,0.7266667,"",0,19.7388,0.1617,640120110,true,true,false,"","corr_bulk_0.0.1",0,0
58277.37268520007,"523372684815010026",1,523372684815,20.722357,-1,523,0.038508125,19.699543,18.283745,"",19.6846,"",0.10130948,0.019811962,0.027499856,0.1478,"",299.1789248,22.4783639,0.74,"",0,19.6494,0.1813,591120148,true,true,false,"","corr_bulk_0.0.1",0,0
58278.413333300035,"524413331015010017",1,524413331015,21.118937,-1,524,0.19243714,19.767944,18.245922,"",19.6667,"",0.07938141,0.0056910403,0.019539326,0.1066,"",299.178845,22.4783098,0.72333336,"",0,19.6387,0.13,640120110,true,true,false,"","corr_bulk_0.0.1",0,0
58278.416273099836,"524416274815010021",1,524416274815,20.880142,-1,524,0.049467318,19.813866,18.254683,"",20.073,"",0.1045468,0.01654203,0.024867795,0.1917,"",299.1789279,22.4783525,0.7133333,"",0,19.8921,0.2048,591120148,true,true,false,"","corr_bulk_0.0.1",0,0
58281.3978587999,"527397854815015006",1,527397854815,20.769245,1,527,0.3030537,20.273647,17.894331,"",20.2962,"",0.17682247,0.014593863,0.019761086,0.2538,"",299.1790004,22.4783886,0.62333333,"",0,20.1224,0.2724,591120148,true,true,false,"","corr_bulk_0.0.1",0,0
58281.39935189998,"527399351015015048",1,527399351015,21.033438,1,527,0.48616892,20.10809,17.860556,"",20.3216,"",0.12038977,0.007678155,0.015190648,0.2104,"",299.1790333,22.4782956,0.62666667,"",0,20.335,0.2651,640120110,true,true,false,"","corr_bulk_0.0.1",0,0
58284.39337959979,"530393371015010016",1,530393371015,20.85999,-1,530,0.10799536,19.667221,18.272217,"",19.8092,"",0.087770164,0.014934596,0.02428538,0.1539,"",299.1788652,22.4783281,0.67333335,"",0,19.7588,0.1854,640120110,true,true,false,"","corr_bulk_0.0.1",0,0
58285.43684029998,"531436844815010032",1,531436844815,21.055634,-1,531,0.31676477,20.004286,18.213913,"",20.2726,"",0.11057461,0.011491042,0.021257207,0.2021,"",299.178837,22.4783062,0.63666666,"",0,19.9896,0.1959,591120148,true,true,false,"","corr_bulk_0.0.1",0,0
58285.4373031999,"531437301015010022",1,531437301015,21.160025,-1,531,0.31678563,20.050093,18.186422,"",19.6867,"",0.10020531,0.0033312333,0.01800623,0.1047,"",299.1788595,22.4782579,0.62,"",0,19.6373,0.1248,640120110,true,true,false,"","corr_bulk_0.0.1",0,0
58286.420347199775,"532420341015010026",1,532420341015,21.051601,-1,532,0.36476985,20.38579,18.135736,"",20.1831,"",0.14564757,0.007138568,0.018335039,0.1768,"",299.1787906,22.4783054,0.6066667,"",0,20.159,0.2167,640120110,true,true,false,"","corr_bulk_0.0.1",0,0
58292.4125926001,"538412594815010005",1,538412594815,20.978401,-1,538,0.1456366,19.844208,18.247587,"",19.8603,"",0.18461986,0.038205493,0.04242584,0.1447,"",299.1789271,22.478323,0.6,"",0,19.9432,0.1963,591120148,true,true,false,"","corr_bulk_0.0.1",0,0
58303.337013899814,"549337014815010131",2,549337014815,20.602,-1,549,0.11829046,18.435772,17.343315,"",18.5598,"",0.088307686,0.020932505,0.032286122,0.0669,"",299.1789491,22.478353,0.6066667,"",0,18.5966,0.0865,591120248,true,true,false,"","corr_bulk_0.0.1",0,0
58304.35959490016,"550359594815010126",2,550359594815,20.625103,-1,550,0.24390711,18.76098,17.245146,"",18.7128,"",0.107951365,0.01448721,0.026723549,0.0758,"",299.178897,22.4782856,0.6666667,"",0,18.6969,0.0934,591120248,true,true,false,"","corr_bulk_0.0.1",0,0
58305.3766319002,"551376634815010016",2,551376634815,19.951138,-1,551,0.26314765,19.139597,17.168766,"",19.196,"",0.13621537,0.0073289713,0.022176547,0.1736,"",299.1788912,22.4782786,0.54,"",0,19.4027,0.2663,591120248,true,true,false,"","corr_bulk_0.0.1",0,0
58310.38228010014,"556382281015010008",2,556382281015,19.8217,-1,556,0.61216,18.826,17.1563,"",19.3127,"",0.222476,0.04041943,0.047797244,0.1879,"",299.1790633,22.478383,0.463333,"t8_f5_c3","",19.3105,0.2372,640120110,false,true,false,"","corr_bulk_0.0.1",0,564401331015010050
58312.41622690018,"558416221015010533",2,558416221015,20.794907,-1,558,0.044709165,18.367067,17.286516,"",18.2198,"",0.09460617,0.019890733,0.03497027,0.0428,"",299.1788831,22.4783226,0.53,"",0,18.1468,0.0497,640120210,true,true,false,"","corr_bulk_0.0.1",0,0
58312.4166898001,"558416684815010064",2,558416684815,20.87463,-1,558,0.19269645,18.526669,17.311895,"",18.5139,"",0.13177016,0.035811983,0.043043505,0.0543,"",299.1789339,22.4783029,0.62,"",0,18.5305,0.0677,591120248,true,true,false,"","corr_bulk_0.0.1",0,0
58315.39556710003,"561395564815015011",1,561395564815,20.699919,1,561,0.40024465,19.896957,17.845139,"",20.0882,"",0.21056871,0.029158419,0.03181752,0.2363,"",299.1788677,22.4782577,0.5966667,"",0,20.222,0.3362,591120148,true,true,false,"","corr_bulk_0.0.1",0,0
58316.3367130002,"562336711015010583",2,562336711015,20.713125,-1,562,0.046341322,18.507196,17.238977,"",18.4718,"",0.08455805,100,0.026294664,0.0566,"",299.1788979,22.4783402,0.63,"",0,18.505,0.0726,640120210,true,true,false,"","corr_bulk_0.0.1",0,0
58316.337164400145,"562337164815010238",2,562337164815,20.690176,-1,562,0.14923902,18.598108,17.289541,"",18.5671,"",0.13585605,0.03331201,0.040705424,0.0632,"",299.1788714,22.4783284,0.61333334,"",0,18.5899,0.0803,591120248,true,true,false,"","corr_bulk_0.0.1",0,0
58318.40133100003,"564401331015010023",1,564401331015,21.127853,-1,564,0.20813142,19.823984,18.23256,"",19.9368,"",0.15882647,0.031686716,0.03667357,0.1386,"",299.1788559,22.4782957,0.57,"t8_f5_c3",0,19.9835,0.1807,640120110,true,true,false,"","corr_bulk_0.0.1",0,0
58330.354629599955,"576354624815010011",2,576354624815,20.14206,-1,576,0.11766506,18.811253,17.233051,"",18.6952,"",0.19571288,0.039992534,0.04574453,0.1123,"",299.1788837,22.4783745,0.50666666,"t8_f5_c3",0,18.953,0.1807,591120248,true,true,false,"","corr_bulk_0.0.1",0,0
58336.339780100156,"582339781015010454",2,582339781015,20.512863,-1,582,0.12668598,18.66932,17.193129,"",18.6922,"",0.0753957,100,0.019358443,0.0774,"",299.1788659,22.4783675,0.6933333,"t8_f5_c3",0,18.6766,0.0957,640120210,true,true,false,"","corr_bulk_0.0.1",0,0
58337.371678200085,"583371671015010020",1,583371671015,20.97498,-1,583,0.12928556,20.18145,18.164415,"",20.1124,"",0.16249107,0.018494513,0.0253522,0.178,"",299.1789019,22.4783057,0.7966667,"t8_f5_c3",0,20.2447,0.2522,640120110,true,true,false,"","corr_bulk_0.0.1",0,0
58338.36387730017,"584363871015010038",1,584363871015,20.946806,-1,584,0.134241,19.815325,18.23457,"",19.6622,"",0.14919795,0.029465435,0.034790497,0.1212,"",299.1788552,22.4783428,0.75666666,"t8_f5_c3",0,19.6869,0.1558,640120110,true,true,false,"","corr_bulk_0.0.1",0,0
58342.326180600096,"588326181015010162",2,588326181015,20.521753,-1,588,0.2967348,19.13441,17.1001,"",18.8845,"",0.12065926,100,0.01852832,0.0949,"",299.1788527,22.47826,0.7366667,"t8_f5_c3",0,18.9056,0.121,640120210,true,true,false,"","corr_bulk_0.0.1",0,0
58349.295509300195,"595295501015010282",2,595295501015,20.733744,-1,595,0.14912948,18.522503,17.234262,"",18.4519,"",0.1391035,0.0324346,0.042466033,0.0553,"",299.1788393,22.4783345,0.6433333,"t8_f5_c3",0,18.4107,0.0666,640120210,true,true,false,"","corr_bulk_0.0.1",0,0
58350.338784699794,"596338781015010073",1,596338781015,20.800549,-1,596,0.29718912,19.602884,18.290712,"",19.5369,"",0.14785308,0.03962387,0.044153135,0.1197,"",299.1789751,22.4783035,0.7866667,"t8_f5_c3",0,19.6069,0.161,640120110,true,true,false,"","corr_bulk_0.0.1",0,0
58353.21087960014,"599210871015010114",2,599210871015,20.25543,-1,599,0.21304964,18.370502,17.28525,"",18.5829,"",0.14432323,0.04467755,0.053117167,0.0902,"",299.1789441,22.4783612,0.59,"t8_f5_c3",0,18.483,0.1043,640120210,true,true,false,"","corr_bulk_0.0.1",0,0
58354.253969899844,"600253964815010017",2,600253964815,20.274176,-1,600,0.116661444,18.562332,17.300495,"",18.6207,"",0.103381045,0.022075245,0.032337457,0.0925,"",299.1788768,22.4783516,0.57,"t8_f5_c3",0,18.608,0.1159,591120248,true,true,false,"","corr_bulk_0.0.1",0,0
58354.25443289988,"600254431015010034",2,600254431015,20.24984,-1,600,0.10174023,18.51353,17.237017,"",18.3555,"",0.1027697,0.015831415,0.031714596,0.0748,"",299.1788601,22.4783192,0.6566667,"t8_f5_c3",0,18.4708,0.1054,640120210,true,true,false,"","corr_bulk_0.0.1",0,0
58355.277013900224,"601277014815010017",2,601277014815,19.471,-1,601,0.26459116,18.542082,17.306908,"",18.6357,"",0.105233535,0.023938235,0.033735275,0.1656,"",299.178846,22.478311,0.85,"t8_f5_c3",0,18.7077,0.2264,591120248,true,true,false,"","corr_bulk_0.0.1",0,0
58355.27746530017,"601277461015010029",2,601277461015,20.168941,-1,601,0.19762367,18.40151,17.274055,"",18.4834,"",0.18066381,0.057288907,0.06395722,0.09,"",299.1788427,22.4783789,0.53,"t8_f5_c3",0,18.3743,0.1034,640120210,true,true,false,"","corr_bulk_0.0.1",0,0
58356.287986100186,"602287984815010005",2,602287984815,19.861399,-1,602,0.100505024,18.95596,17.20184,"",18.8976,"",0.13538513,0.016080253,0.026910573,0.1678,"",299.1788837,22.4783609,0.6666667,"t8_f5_c3",0,18.8245,0.2001,591120248,true,true,false,"","corr_bulk_0.0.1",0,0
58359.192268500105,"605192264815010004",2,605192264815,19.041536,-1,605,0.1636925,18.680471,17.266033,"",18.4758,"",0.13420807,0.028397625,0.036475666,0.2086,"",299.1789358,22.4783115,0.6766667,"t8_f5_c3",0,18.5031,0.274,591120248,true,true,false,"","corr_bulk_0.0.1",0,0
58361.25283560017,"607252834815010056",2,607252834815,20.332928,-1,607,0.13799806,18.66064,17.271486,"",18.5628,"",0.12609227,0.026477905,0.035077326,0.0799,"",299.1789194,22.4783125,0.7866667,"t8_f5_c3",0,18.5617,0.1007,591120248,true,true,false,"","corr_bulk_0.0.1",0,0
58361.253287000116,"607253281015010440",2,607253281015,20.583881,-1,607,0.09434749,18.45229,17.256634,"",18.5188,"",0.081732735,100,0.027172767,0.0648,"",299.1788738,22.4783129,0.7633333,"t8_f5_c3",0,18.5406,0.0829,640120210,true,true,false,"","corr_bulk_0.0.1",0,0
58363.193240699824,"609193241015015044",1,609193241015,20.625,1,609,0.294249,20.1813,17.869526,"",20.9817,"",0.259771,0.027925031,0.03089452,0.515,"",299.1789566,22.4782811,0.626667,"t12_f5_c3","",20.7201,0.5113,640120110,false,true,false,"","corr_bulk_0.0.1",0,620251451015010000
58364.25393520016,"610253931015015042",1,610253931015,20.938282,1,610,0.18021552,20.151134,17.865894,"",20.2895,"",0.20875196,0.02176571,0.025441023,0.216,"",299.1788631,22.4783025,0.7366667,"t8_f5_c3",0,19.9689,0.2009,640120110,true,true,false,"","corr_bulk_0.0.1",0,0
58365.27846059995,"611278461015015074",1,611278461015,20.9182,1,611,0.127198,20.3246,17.88561,"",20.0111,"",0.267397,0.024902638,0.028285295,0.1738,"",299.1789329,22.4783445,0.663333,"t12_f5_c3","",20.2283,0.2645,640120110,false,true,false,"","corr_bulk_0.0.1",0,613251421015010000
58366.183888900094,"612183881015010737",2,612183881015,20.921515,-1,612,0.24215232,18.628256,17.203928,"",18.4021,"",0.12001392,0.018280981,0.032322153,0.0463,"",299.1788299,22.4782972,0.54,"t8_f5_c3",0,18.2406,0.0493,640120210,true,true,false,"","corr_bulk_0.0.1",0,0
58367.2509606001,"613250964815010017",1,613250964815,20.913319,-1,613,0.07942633,19.839714,18.248623,"",20.4345,"",0.2057312,0.04378444,0.04751862,0.2596,"",299.1789333,22.4783752,0.69666666,"t8_f5_c3",0,20.447,0.3313,591120148,true,true,false,"","corr_bulk_0.0.1",0,0
58367.25142360013,"613251421015010069",1,613251421015,21.013851,-1,613,0.065335795,19.88237,18.219513,"",19.8822,"",0.19377613,0.037714005,0.04189455,0.141,"",299.1789026,22.4783631,0.70666665,"t8_f5_c3",0,19.9096,0.1811,640120110,true,true,false,"","corr_bulk_0.0.1",0,0
58368.24956020014,"614249564815010044",1,614249564815,20.541355,-1,614,0.22923589,20.02944,18.209143,"",20.2508,"",0.18454221,0.029564992,0.034512546,0.2683,"",299.1788669,22.4784087,0.75,"t8_f5_c3",0,20.1654,0.3151,591120148,true,true,false,"","corr_bulk_0.0.1",0,0
58368.253043999895,"614253041015010118",1,614253041015,20.884966,-1,614,0.2475506,19.736822,18.253721,"",19.971,"",0.16384508,0.03732184,0.04180159,0.1645,"",299.178827,22.4783694,0.81,"t8_f5_c3",0,20.2448,0.2669,640120110,true,true,false,"","corr_bulk_0.0.1",0,0
58368.27731479984,"614277314815010081",2,614277314815,20.166727,-1,614,0.23633529,18.606506,17.287039,"",18.6597,"",0.08065525,0.0052597197,0.023924632,0.092,"",299.1788421,22.4783651,0.7966667,"t8_f5_c3",0,18.6635,0.1166,591120248,true,true,false,"","corr_bulk_0.0.1",0,0
58372.25754630007,"618257541015015041",1,618257541015,20.9083,1,618,0.213941,20.0904,17.858309,"",20.2059,"",0.222171,0.025247712,0.028434817,0.207,"",299.1789554,22.4783595,0.746667,"t12_f5_c3","",20.0622,0.2273,640120210,false,true,false,"","corr_bulk_0.0.1",0,625211181015010200
58374.24981479999,"620249814815010038",1,620249814815,20.907442,-1,620,0.13393341,19.69293,18.285545,"",19.6692,"",0.13502902,0.031614523,0.036937997,0.1282,"",299.1788739,22.4783544,0.87666667,"t8_f5_c3",0,19.8297,0.1874,591120148,true,true,false,"","corr_bulk_0.0.1",0,0
58374.25145829981,"620251451015010021",1,620251451015,20.924591,-1,620,0.12821598,19.796597,18.238983,"",19.7906,"",0.13906918,0.02743092,0.033127263,0.1373,"",299.1788968,22.4783057,0.8066667,"t8_f5_c3",0,19.9264,0.1958,640120110,true,true,false,"","corr_bulk_0.0.1",0,0
58379.21118059987,"625211181015010231",2,625211181015,20.092209,-1,625,0.25547627,18.578583,17.217703,"",18.5875,"",0.14453559,0.031214332,0.041268907,0.0971,"",299.178837,22.4783949,0.61333334,"t8_f5_c3",0,18.6472,0.1301,640120210,true,true,false,"","corr_bulk_0.0.1",0,0
58381.14732640004,"627147324815015008",2,627147324815,20.308056,1,627,0.13864641,19.160452,16.865267,"",19.6861,"",0.21471569,0.02053907,0.025929237,0.2391,"",299.1789532,22.4783399,0.5566667,"t8_f5_c3",0,19.6187,0.2832,591120248,true,true,false,"","corr_bulk_0.0.1",0,0
58381.23115740018,"627231151015010012",1,627231151015,20.105604,-1,627,0.18619092,19.855019,18.22552,"",20.1369,"",0.1925036,0.038799986,0.042917926,0.3905,"",299.1788389,22.4783387,0.75666666,"t8_f5_c3",0,20.1725,0.5162,640120110,true,true,false,"","corr_bulk_0.0.1",0,0
58425.12938660011,"671129384815010006",1,671129384815,19.963037,-1,671,0.13957669,19.611473,18.308937,"",20.1223,"",0.20301864,0.05796952,0.061167564,0.4113,"",299.1789538,22.4783702,0.71,"t8_f5_c3",0,19.7643,0.378,591120148,true,true,false,"","corr_bulk_0.0.1",0,0
58426.16462960001,"672164621015010017",1,672164621015,20.16643,-1,672,0.3425494,19.558884,18.304205,"",19.3843,"",0.21437538,0.06455424,0.06749998,0.1865,"",299.1787978,22.4783728,0.61333334,"t8_f5_c3",0,19.3553,0.2318,640120110,true,true,false,"","corr_bulk_0.0.1",0,0
58426.165080999956,"672165084815010002",1,672165084815,19.781013,-1,672,0.085175365,19.552853,18.327236,"",19.6185,"",0.17195877,0.051949613,0.05561322,0.2768,"",299.178924,22.4783411,0.72,"t8_f5_c3",0,19.4814,0.3121,591120148,true,true,false,"","corr_bulk_0.0.1",0,0
58429.088078700006,"675088074815010012",2,675088074815,20.80426,-1,675,0.19673765,19.189917,17.16079,"",19.0846,"",0.16524163,0.014776363,0.02549582,0.0943,"",299.1788516,22.4783468,0.49666667,"t8_f5_c3",0,19.1177,0.1205,591120248,true,true,false,"","corr_bulk_0.0.1",0,0
58429.16267360002,"675162671015015046",1,675162671015,20.6882,1,675,0.193488,19.9318,17.83667,"",20.157,"",0.228965,0.030672038,0.03324425,0.2352,"",299.1789532,22.4783416,0.763333,"t12_f5_c3","",20.1428,0.2928,640120210,false,true,false,"","corr_bulk_0.0.1",0,676090921015010000
58429.17021990009,"675170214815015016",1,675170214815,20.523628,1,675,0.4639268,20.101446,17.873674,"",19.8914,"",0.20719072,0.023192814,0.026623264,0.2173,"",299.1789776,22.4782414,0.71666664,"t8_f5_c3",0,20.0185,0.309,591120148,true,true,false,"","corr_bulk_0.0.1",0,0
58430.090474499855,"676090474815010008",2,676090474815,20.648108,-1,676,0.030094827,18.781786,17.240057,"",18.948,"",0.13169804,0.02266765,0.03183372,0.092,"",299.178908,22.4783456,0.73333335,"t8_f5_c3",0,19.0742,0.129,591120248,true,true,false,"","corr_bulk_0.0.1",0,0
58430.0909258998,"676090921015010012",2,676090921015,20.611118,-1,676,0.11479182,18.743742,17.174816,"",18.6544,"",0.14741993,0.023115056,0.03475247,0.0718,"",299.1788592,22.4783589,0.72333336,"t8_f5_c3",0,18.5978,0.0855,640120210,true,true,false,"","corr_bulk_0.0.1",0,0
58431.13190970011,"677131904815010006",2,677131904815,19.51799,-1,677,0.4182305,18.731697,17.252518,"",18.5252,"",0.14036186,0.027937733,0.035939965,0.1191,"",299.1788626,22.4782383,0.68333334,"t8_f5_c3",0,18.4551,0.1423,591120248,true,true,false,"","corr_bulk_0.0.1",0,0
58431.13237270014,"677132371015010022",2,677132371015,19.556883,-1,677,0.06487634,18.723816,17.179567,"",18.5433,"",0.1238261,0.01457275,0.029861562,0.1236,"",299.1788676,22.4783486,0.74,"t8_f5_c3",0,18.5283,0.1554,640120210,true,true,false,"","corr_bulk_0.0.1",0,0
58558.48721060017,"804487214815010006",1,804487214815,19.8669,-1,804,0.885118,19.8811,18.239285,"",19.617,"",0.256484,0.05349136,0.056537177,0.239,"",299.1788705,22.478115,0.475714,"t15_f5_c3","",19.6797,0.3235,591120248,false,true,false,"","corr_bulk_0.0.1",0,832499364815010000
58558.48812500015,"804488121015010015",1,804488121015,19.6984,-1,804,0.370434,19.4484,18.341457,"",19.4967,"",0.223082,0.07784839,0.08047981,0.1753,"",299.1788932,22.4782355,0.508571,"t15_f5_c3","",19.3833,0.2017,640120210,false,true,false,"","corr_bulk_0.0.1",0,832498441015010000
58582.49556710012,"828495564815015007",1,828495564815,20.5168,1,828,0.224188,19.9756,17.856663,"",19.9644,"",0.268009,0.03582806,0.038069274,0.2294,"",299.1788761,22.4783062,0.702857,"t15_f5_c3","",20.2465,0.3757,591120148,false,true,false,"","corr_bulk_0.0.1",0,852475984815010000
58586.49844910018,"832498441015010041",2,832498441015,20.399076,-1,832,0.09228567,18.634468,17.202261,"",18.5333,"",0.14243671,0.027240004,0.03808368,0.075,"",299.1788833,22.4783643,0.40285715,"t15_f5_c3",0,18.6104,0.1015,640120210,true,true,false,"","corr_bulk_0.0.1",0,0
58586.49936340004,"832499364815010043",2,832499364815,20.59522,-1,832,0.11351417,18.547228,17.305264,"",18.7736,"",0.11130276,0.026343528,0.035458457,0.0817,"",299.1789137,22.4783828,0.28428572,"t15_f5_c3",0,18.7401,0.0991,591120248,true,true,false,"","corr_bulk_0.0.1",0,0
58591.47712960001,"837477121015010030",2,837477121015,19.415985,-1,837,0.31625763,18.746553,17.174154,"",18.5062,"",0.15002137,0.023877824,0.035252776,0.1643,"",299.1787928,22.4783631,0.65,"t15_f5_c3",0,18.5687,0.2227,640120210,true,true,false,"","corr_bulk_0.0.1",0,0
58597.45496529993,"843454961015010045",2,843454961015,20.3592,-1,843,0.384579,18.9015,17.140741,"",18.917,"",0.268728,0.046755165,0.05308959,0.1135,"",299.1787851,22.4783969,0.277143,"t15_f5_c3","",18.8542,0.1354,640120110,false,true,false,"","corr_bulk_0.0.1",0,852475521015010000
58605.44391199993,"851443914815010023",2,851443914815,20.547003,-1,851,0.17254062,18.984114,17.19633,"",18.9802,"",0.120865434,0.009031538,0.023291005,0.1027,"",299.1789581,22.4783289,0.38428572,"t15_f5_c3",0,19.1725,0.1532,591120248,true,true,false,"","corr_bulk_0.0.1",0,0
58605.444363399874,"851444361015010087",2,851444361015,20.669098,-1,851,0.23152779,18.860176,17.149096,"",18.635,"",0.15413807,0.019335918,0.03187701,0.0685,"",299.1788175,22.4783609,0.31142858,"t15_f5_c3",0,18.6425,0.0862,640120210,true,true,false,"","corr_bulk_0.0.1",0,0
58606.47552079987,"852475521015010080",1,852475521015,21.011246,-1,852,0.13072364,20.124647,18.173552,"",20.3692,"",0.19849682,0.027878592,0.032909065,0.2179,"",299.1788589,22.4783624,0.6457143,"t15_f5_c3",0,20.2493,0.2453,640120110,true,true,false,"","corr_bulk_0.0.1",0,0
58606.4759837999,"852475984815010030",1,852475984815,21.000553,-1,852,0.3127894,20.094992,18.197311,"",20.0211,"",0.21181451,0.032411765,0.036887866,0.1673,"",299.1789617,22.4782859,0.56142855,"t15_f5_c3",0,19.7205,0.1594,591120148,true,true,false,"","corr_bulk_0.0.1",0,0
58608.44995369995,"854449954815015004",1,854449954815,20.6339,1,854,0.48408,20.1868,17.884274,"",19.8048,"",0.262641,0.028603794,0.031502984,0.18,"",299.1788022,22.4782675,0.554286,"t15_f5_c3","",19.8564,0.2374,591120248,false,true,false,"","corr_bulk_0.0.1",0,883421334815010000
58632.437650499865,"878437651015010093",1,878437651015,20.722775,-1,878,0.070938416,20.144114,18.170359,"",19.9133,"",0.20458744,0.028274648,0.033218257,0.1798,"",299.1788936,22.4783639,0.7985714,"t17_f5_c3",0,20.0907,0.2676,640120110,true,true,false,"","corr_bulk_0.0.1",0,0
58632.461168999784,"878461161015010031",2,878461161015,20.462894,-1,878,0.167477,18.733727,17.17719,"",18.6929,"",0.12467155,0.014398656,0.02972712,0.0821,"",299.1789223,22.4783704,0.86,"t17_f5_c3",0,18.8644,0.1207,640120210,true,true,false,"","corr_bulk_0.0.1",0,0
58632.461655099876,"878461654815010013",2,878461654815,20.278425,-1,878,0.17634584,18.90092,17.21312,"",18.9098,"",0.10110245,100,0.021361966,0.1102,"",299.1789419,22.4783075,0.9128571,"t17_f5_c3",0,18.9452,0.144,591120248,true,true,false,"","corr_bulk_0.0.1",0,0
58634.44332179986,"880443324815015008",1,880443324815,20.9391,1,880,0.053353,20.1601,17.881035,"",19.9557,"",0.269569,0.030305702,0.033040285,0.1669,"",299.1789045,22.4783411,0.797143,"t17_f5_c3","",20.0405,0.2253,591120248,false,true,false,"","corr_bulk_0.0.1",0,908321094815010000
58637.42133100005,"883421334815010052",2,883421334815,20.962921,-1,883,0.19138223,18.911106,17.21098,"",18.9484,"",0.12940331,0.016039789,0.02703304,0.0748,"",299.1788732,22.4783846,0.8371429,"t17_f5_c3",0,18.8962,0.0879,591120248,true,true,false,"","corr_bulk_0.0.1",0,0
58637.42320600012,"883423201015010055",2,883423201015,20.99442,-1,883,0.16195701,18.84544,17.152168,"",18.7704,"",0.2162837,0.037702978,0.04546896,0.0622,"",299.1788601,22.4783755,0.6957143,"t17_f5_c3",0,18.7486,0.075,640120210,true,true,false,"","corr_bulk_0.0.1",0,0
58638.46187500004,"884461871015010043",2,884461871015,20.406643,-1,884,0.3498672,18.966022,17.128437,"",19.0145,"",0.15454784,0.013817315,0.028446477,0.112,"",299.1788239,22.4784191,0.84,"t17_f5_c3",0,19.1509,0.1595,640120210,true,true,false,"","corr_bulk_0.0.1",0,0
58644.424363399856,"890424361015010072",1,890424361015,20.545416,-1,890,0.10743372,19.900284,18.21568,"",20.1809,"",0.17949015,0.033411033,0.038036328,0.2532,"",299.1788915,22.478312,0.9257143,"t17_f5_c3",0,20.1059,0.3003,640120110,true,true,false,"","corr_bulk_0.0.1",0,0
58645.42189810006,"891421891015010183",1,891421891015,20.696287,-1,891,0.06307684,20.064249,18.183899,"",20.0376,"",0.20758815,0.032212973,0.0367335,0.2104,"",299.1788756,22.4783403,0.82285714,"t17_f5_c3",0,20.2526,0.3243,640120110,true,true,false,"","corr_bulk_0.0.1",0,0
58651.42280089995,"897422801015010029",2,897422801015,19.8037,-1,897,0.37588,18.5563,17.224152,"",18.4272,"",0.222282,0.059241693,0.06516958,0.1171,"",299.1787782,22.478378,0.635714,"t17_f5_c3","",18.4464,0.1523,640120210,false,true,false,"","corr_bulk_0.0.1",0,909352761015010000
58652.43693289999,"898436931015010080",2,898436931015,19.770378,-1,898,0.1468969,18.363617,17.287794,"",18.4678,"",0.15875134,0.05142321,0.058937043,0.1242,"",299.1788453,22.4783525,0.6471428,"t17_f5_c3",0,18.3716,0.1452,640120210,true,true,false,"","corr_bulk_0.0.1",0,0
58657.40005790023,"903400054815010018",2,903400054815,20.09928,-1,903,0.1554644,18.627844,17.280788,"",18.6228,"",0.11263189,0.022856534,0.032571606,0.0998,"",299.1788815,22.4783197,0.80142856,"t17_f5_c3",0.9999989,18.5869,0.1224,591120248,true,true,false,"","corr_bulk_0.0.1",0,0
58657.400509300176,"903400501015010021",2,903400501015,20.34621,-1,903,0.1600088,18.64235,17.200163,"",18.7839,"",0.1232631,0.018994087,0.032655668,0.0982,"",299.1788471,22.4783667,0.8542857,"t17_f5_c3",0.99999475,18.9736,0.1475,640120210,true,true,false,"","corr_bulk_0.0.1",0,0
58662.32109950017,"908321094815010019",2,908321094815,20.58782,-1,908,0.096594125,19.020912,17.189379,"",19.1826,"",0.114264525,100,0.021149404,0.1179,"",299.1789369,22.4783345,0.82,"t17_f5_c3",0.9999999,19.2933,0.1631,591120248,true,true,false,"","corr_bulk_0.0.1",0,0
58662.32472220017,"908324721015010031",2,908324721015,20.80705,-1,908,0.16537343,18.681393,17.19005,"",18.6171,"",0.07435163,100,0.018825805,0.0601,"",299.1788364,22.4783338,0.80857146,"t17_f5_c3",0.9999701,18.6202,0.075,640120210,true,true,false,"","corr_bulk_0.0.1",0,0
58663.35276619997,"909352761015010075",2,909352761015,20.63989,-1,909,0.33519092,18.703358,17.184559,"",18.7743,"",0.10454774,100,0.025810417,0.0807,"",299.1788285,22.478416,0.6628571,"t17_f5_c3",0.11387333,18.6184,0.0874,640120210,true,true,false,"","corr_bulk_0.0.1",0,0
58665.424571800046,"911424574815010030",2,911424574815,20.798134,-1,911,0.15788856,18.751127,17.247599,"",18.7185,"",0.16241698,0.033868622,0.040664926,0.0672,"",299.1788656,22.4783592,0.7128571,"t17_f5_c3",0.99994576,18.673,0.0801,591120248,true,true,false,"","corr_bulk_0.0.1",0,0
58665.42502309987,"911425021015010030",2,911425021015,20.81011,-1,911,0.09497512,18.689558,17.187992,"",18.6411,"",0.12832086,0.018600639,0.032186303,0.0618,"",299.1788682,22.478361,0.81142855,"t17_f5_c3",0.99973655,18.6579,0.078,640120210,true,true,false,"","corr_bulk_0.0.1",0,0
58666.463402799796,"912463401015010031",1,912463401015,20.810837,-1,912,0.1772154,19.758244,18.248322,"",19.7947,"",0.10479903,0.01815144,0.02608488,0.1515,"",299.1788433,22.4783558,0.8471429,"t17_f5_c3",0.9999834,19.8073,0.1938,640120110,true,true,false,"","corr_bulk_0.0.1",0,0
58666.46385420021,"912463854815010018",1,912463854815,20.720774,-1,912,0.23331705,19.64243,18.29978,"",19.6561,"",0.15565403,0.04084178,0.04519606,0.1467,"",299.1788776,22.478304,0.8757143,"t17_f5_c3",0.99999654,19.6388,0.1829,591120148,true,true,false,"","corr_bulk_0.0.1",0,0
58667.30267360015,"913302674815010015",2,913302674815,20.663328,-1,913,0.15484175,18.81426,17.23235,"",18.9869,"",0.10659112,0.011133304,0.024828866,0.0946,"",299.1788773,22.4783808,0.88857144,"t17_f5_c3",0.999681,19.1834,0.1413,591120248,true,true,false,"","corr_bulk_0.0.1",0,0
58667.30357640004,"913303571015010033",2,913303571015,20.700735,-1,913,0.31321204,18.757227,17.171661,"",18.7346,"",0.1425375,0.02062649,0.033090457,0.0729,"",299.1788192,22.4784029,0.7828571,"t17_f5_c3",0.9872937,18.7952,0.0962,640120210,true,true,false,"","corr_bulk_0.0.1",0,0
58668.30230320012,"914302301015010040",1,914302301015,20.65612,-1,914,0.14634146,19.916182,18.21234,"",19.935,"",0.1444333,0.02399488,0.030069798,0.1889,"",299.178877,22.4783784,0.9185714,"t17_f5_c3",0.9979881,19.9123,0.2347,640120110,true,true,false,"","corr_bulk_0.0.1",0,0
58668.34011569992,"914340114815010020",2,914340114815,20.72552,-1,914,0.28825194,19.105831,17.174364,"",19.4011,"",0.11686922,100,0.019729381,0.1317,"",299.1788391,22.4783921,0.83285713,"t17_f5_c3",0.99943143,19.6485,0.2051,591120248,true,true,false,"","corr_bulk_0.0.1",0,0
58670.38226850005,"916382264815010053",2,916382264815,20.90924,-1,916,0.055272557,18.732037,17.252432,"",18.7238,"",0.13850854,0.027307983,0.03545149,0.0631,"",299.1788985,22.4783453,0.87142855,"t17_f5_c3",0.9987221,18.8376,0.0863,591120248,true,true,false,"","corr_bulk_0.0.1",0,0
58670.38271989999,"916382711015010113",2,916382711015,20.930742,-1,916,0.17532825,18.553741,17.224901,"",18.4569,"",0.10886857,0.016926477,0.032015968,0.0486,"",299.1788347,22.4783318,0.78,"t17_f5_c3",0.55156726,18.4622,0.0602,640120210,true,true,false,"","corr_bulk_0.0.1",0,0
58672.33791670017,"918337914815015005",1,918337914815,20.8577,1,918,0.080286,19.9831,17.857725,"",20.0589,"",0.275136,0.036652688,0.038850527,0.1922,"",299.1789393,22.4783469,0.762857,"t17_f5_c3","",20.228,0.2807,591120248,false,true,false,"","corr_bulk_0.0.1",0,920301354815010000
58674.30135420011,"920301354815010020",2,920301354815,20.301956,-1,920,0.035881512,18.643227,17.27638,"",18.6576,"",0.11160976,0.021686723,0.03169302,0.0904,"",299.1789159,22.478343,0.8814286,"t17_f5_c3",0.99999994,18.6452,0.113,591120248,true,true,false,"","corr_bulk_0.0.1",0,0
58674.304513900075,"920304511015010057",2,920304511015,20.70918,-1,920,0.2369824,18.53605,17.23016,"",18.4855,"",0.13215783,0.028809605,0.039695054,0.0581,"",299.178873,22.478405,0.7885714,"t17_f5_c3",0.81799406,18.5025,0.0736,640120210,true,true,false,"","corr_bulk_0.0.1",0,0
58679.23138889996,"925231381015010034",2,925231381015,19.88879,-1,925,0.3167257,18.490677,17.244167,"",18.359,"",0.1302692,0.030704329,0.041327365,0.0999,"",299.1788591,22.478423,0.75285715,"t17_f5_c3",0.9572753,18.3899,0.1309,640120210,true,true,false,"","corr_bulk_0.0.1",0,0
58688.317858799826,"934317854815010007",1,934317854815,20.7626,-1,934,0.076716,19.7502,18.270391,"",19.593,"",0.202856,0.048372746,0.051911596,0.1395,"",299.1788926,22.4783706,0.748571,"t17_f5_c3",0.99999166,19.5622,0.1713,591120248,false,true,false,"","corr_bulk_0.0.1",0,947294794815010000
58688.31831019977,"934318311015010077",1,934318311015,20.8584,-1,934,0.243338,19.6493,18.277227,"",19.5718,"",0.154072,0.03905956,0.043540645,0.1221,"",299.1788208,22.4783264,0.811429,"t17_f5_c3",0.92199945,19.5927,0.1569,640120110,false,true,false,"","corr_bulk_0.0.1",0,941322621015010000
58691.31535879988,"937315354815015007",1,937315354815,20.7954,1,937,0.117482,19.8995,17.845522,"",20.1692,"",0.22388,0.03126654,0.033761695,0.2262,"",299.1788778,22.4783669,0.791429,"t17_f5_c3","",20.1703,0.2841,591120248,false,true,false,"","corr_bulk_0.0.1",0,939345844815015000
58692.31861109985,"938318611015015022",2,938318611015,20.6042,1,938,0.531245,19.1967,16.816446,"",19.4557,"",0.326272,0.031293012,0.036431666,0.1545,"",299.1788748,22.478188,0.534286,"t17_f5_c3","",19.3046,0.1675,640120210,false,true,false,"","corr_bulk_0.0.1",0,947298351015010000
58693.34584489977,"939345844815015005",2,939345844815,20.570126,1,939,0.29236695,19.33013,16.884403,"",19.0289,"",0.12296287,100,0.012926583,0.1072,"",299.1789292,22.4782745,0.79142857,"t17_f5_c3",1,18.8623,0.1141,591120248,true,true,false,"","corr_bulk_0.0.1",0,0
58695.29460649984,"941294601015010048",2,941294601015,20.2756,-1,941,0.14545597,18.454071,17.256042,"",18.3301,"",0.119505644,0.028098477,0.03964396,0.073,"",299.1788406,22.4783471,0.63714284,"t17_f5_c3",0.60144925,18.3425,0.0929,640120210,true,true,false,"","corr_bulk_0.0.1",0,0
58695.31909719994,"941319094815010010",1,941319094815,20.781536,-1,941,0.15173155,19.60463,18.311007,"",19.6786,"",0.1570273,0.043507576,0.04770084,0.1449,"",299.1788729,22.4783436,0.8585714,"t17_f5_c3",0.99999446,19.6619,0.1803,591120148,true,true,false,"","corr_bulk_0.0.1",0,0
58695.32262729993,"941322621015010047",1,941322621015,20.984282,-1,941,0.04020602,19.578611,18.298067,"",19.7976,"",0.1705781,0.04864025,0.052445192,0.1351,"",299.1788826,22.4783381,0.81857145,"t17_f5_c3",0.8841415,19.9812,0.201,640120110,true,true,false,"","corr_bulk_0.0.1",0,0
58696.32025460014,"942320254815010015",1,942320254815,21.0294,-1,942,0.173313,20.1183,18.193302,"",20.8698,"",0.178877,0.024797145,0.030377766,0.3636,"",299.178865,22.4783372,0.607143,"t17_f5_c3","",20.3185,0.2745,591120248,false,true,false,"","corr_bulk_0.0.1",0,947294794815010000
58696.32376160007,"942323761015010037",1,942323761015,21.104328,-1,942,0.4052327,20.107931,18.176348,"",19.9486,"",0.17804448,0.02440993,0.030053528,0.1411,"",299.1787801,22.4783867,0.79142857,"t17_f5_c3",0.9996773,19.7898,0.1526,640120110,true,true,false,"","corr_bulk_0.0.1",0,0
58699.322210600134,"945322214815015011",1,945322214815,20.901413,1,945,0.41405907,20.027283,17.863855,"",19.8842,"",0.18237457,0.02122389,0.02486528,0.1652,"",299.1789203,22.4782407,0.7871429,"t17_f5_c3",0.99998116,19.8335,0.1971,591120148,true,true,false,"","corr_bulk_0.0.1",0,0
58701.29479169985,"947294794815010020",2,947294794815,20.808086,-1,947,0.28196126,18.728024,17.253462,"",18.6876,"",0.13456279,0.026177075,0.0346019,0.0664,"",299.1788302,22.4783308,0.85571426,"t17_f5_c3",0.9938213,18.728,0.0854,591120248,true,true,false,"","corr_bulk_0.0.1",0,0
58701.29835649999,"947298351015010043",2,947298351015,20.548035,-1,947,0.27874222,18.640087,17.200764,"",18.7438,"",0.1889439,0.042573188,0.050188385,0.0842,"",299.1788547,22.4784087,0.64428574,"t17_f5_c3",0.9741646,18.7428,0.1052,640120210,true,true,false,"","corr_bulk_0.0.1",0,0
58702.29766200017,"948297661015010028",2,948297661015,20.806,-1,948,0.484436,18.6607,17.195353,"",18.7042,"",0.337886,0.08353962,0.08762569,0.0664,"",299.1788194,22.4784617,0.5,"t17_f5_c3","",18.6649,0.0796,640120110,false,true,false,"","corr_bulk_0.0.1",0,972244541015010000
58702.3213657001,"948321364815010016",1,948321364815,20.704866,-1,948,0.24470326,19.604883,18.31093,"",19.6948,"",0.16119474,0.044876277,0.048951887,0.1588,"",299.1788624,22.4783075,0.8442857,"t17_f5_c3",0.9999951,19.4949,0.1672,591120148,true,true,false,"","corr_bulk_0.0.1",0,0
58702.32479170011,"948324791015010039",1,948324791015,21.075918,-1,948,0.2386728,19.586693,18.295595,"",19.3337,"",0.181864,0.051801797,0.0553742,0.0832,"",299.178827,22.4783673,0.7,"t17_f5_c3",0.8467815,19.4067,0.1113,640120110,true,true,false,"","corr_bulk_0.0.1",0,0
58713.233356500044,"959233354815010028",2,959233354815,19.590153,-1,959,0.27229446,18.731174,17.252653,"",18.6961,"",0.19809175,0.045437064,0.050752506,0.1842,"",299.1788357,22.4783665,0.73714286,"t17_f5_c3",0.99403614,18.5516,0.2063,591120248,true,true,false,"","corr_bulk_0.0.1",0,0
58720.26456019981,"966264561015010024",1,966264561015,20.508251,-1,966,0.08923485,19.901007,18.215525,"",20.2681,"",0.21368997,0.041435942,0.0452472,0.2848,"",299.1788737,22.4783612,0.83,"t17_f5_c3",0.994441,20.427,0.4189,640120110,true,true,false,"","corr_bulk_0.0.1",0,0
58722.308807900175,"968308804815010022",2,968308804815,20.481525,-1,968,0.08842492,18.653774,17.273403,"",18.705,"",0.10634157,0.018926512,0.029823242,0.0836,"",299.178887,22.4783637,0.86142856,"t17_f5_c3",0.99826515,18.6251,0.0976,591120248,true,true,false,"","corr_bulk_0.0.1",0,0
58725.191192099825,"971191194815010013",1,971191194815,20.81205,-1,971,0.48545024,19.79901,18.258245,"",19.7884,"",0.19007784,0.04204376,0.045986053,0.1576,"",299.1788084,22.4784484,0.7842857,"t17_f5_c3",0.99979717,19.7871,0.1991,591120148,true,true,false,"","corr_bulk_0.0.1",0,0
58726.24454860017,"972244541015010030",1,972244541015,20.412954,-1,972,0.10435415,19.66516,18.272787,"",19.816,"",0.17910251,0.045832876,0.049676716,0.1984,"",299.1788695,22.4783632,0.8971428,"t17_f5_c3",0.9965807,19.7729,0.2429,640120110,true,true,false,"","corr_bulk_0.0.1",0,0
58730.1495254999,"976149524815010025",2,976149524815,20.584263,-1,976,0.13658296,18.71707,17.256296,"",18.6131,"",0.1569825,0.03400997,0.040882897,0.0723,"",299.1788718,22.4783703,0.7657143,"t17_f5_c3",0.30933326,18.6564,0.0942,591120248,true,true,false,"","corr_bulk_0.0.1",0,0
58733.23266200023,"979232664815010044",2,979232664815,20.520155,-1,979,0.14991063,18.54781,17.305077,"",18.5738,"",0.11509399,0.027917514,0.03664036,0.0736,"",299.1788681,22.4783466,0.85142857,"t17_f5_c3",0.8420975,18.5112,0.0872,591120248,true,true,false,"","corr_bulk_0.0.1",0,0
58743.128067099955,"989128061015010043",1,989128061015,20.842346,-1,989,0.14328672,19.623247,18.284704,"",19.6847,"",0.18076327,0.048995066,0.052685753,0.1383,"",299.1788517,22.4783349,0.74714285,"t17_f5_c3",0.9989978,19.6321,0.1662,640120110,true,true,false,"","corr_bulk_0.0.1",0,0
58754.26434030011,"1000264344815010016",1,1000264344815,20.326422,-1,1000,0.45863673,19.662527,18.294014,"",19.7487,"",0.2114872,0.05678739,0.05996234,0.1955,"",299.1790216,22.4782775,0.85142857,"t17_f5_c3",0.99989736,19.5065,0.1989,591120148,true,true,false,"","corr_bulk_0.0.1",0,0
58754.26479170006,"1000264791015010059",1,1000264791015,20.517126,-1,1000,0.25341856,19.643045,18.279001,"",19.6166,"",0.15069471,0.038330875,0.042902287,0.1547,"",299.1788173,22.4783366,0.92285717,"t17_f5_c3",0.99999976,19.7277,0.2173,640120110,true,true,false,"","corr_bulk_0.0.1",0,0
58797.13135420019,"1043131351015010024",1,1043131351015,19.900661,-1,1043,0.26562953,19.60359,18.290503,"",19.3255,"",0.20358668,0.057538796,0.060745485,0.2309,"",299.1789115,22.4782698,0.8057143,"t17_f5_c3",0.999616,19.4624,0.3354,640120110,true,true,false,"","corr_bulk_0.0.1",0,0
58954.486192100216,"1200486191015015018",2,1200486191015,20.188396,1,1200,0.48130736,19.24072,16.821276,"",19.3653,"",0.20508678,0.011694607,0.022088153,0.1921,"",299.1789414,22.4782173,0.5757143,"t17_f5_c3",0.9997357,19.2997,0.2283,640120210,true,true,false,"","corr_bulk_0.0.1",0,0
58968.47769680014,"1214477691015015042",1,1214477691015,20.765,1,1214,0.437165,20.2847,17.88132,"",20.5168,"",0.24208,0.02284045,0.026461033,0.3026,"",299.1790058,22.4782747,0.825714,"t17_f5_c3","",20.4042,0.3443,640120110,false,true,false,"","corr_bulk_0.0.1",0,1237437851015010000
58971.44304399984,"1217443041015010066",1,1217443041015,20.461,-1,1217,0.399346,20.0739,18.1822,"",20.0947,"",0.231675,0.036540087,0.04056943,0.2483,"",299.1787757,22.4783161,0.85,"t17_f5_c3","",20.335,0.3944,640120110,false,true,false,"","corr_bulk_0.0.1",0,1237437851015010000
58991.43785879994,"1237437851015010045",1,1237437851015,20.823103,-1,1237,0.098392285,19.885277,18.218885,"",19.796,"",0.17750375,0.033626955,0.03825173,0.1488,"",299.1788677,22.4783574,0.83285713,"t17_f5_c3",0.9934784,19.8034,0.1895,640120110,true,true,false,"","corr_bulk_0.0.1",0,0